iter	F1:use_weights=false	Logloss
0	0	0.6894840107
1	0	0.6858966461
2	0	0.6823889326
3	0	0.6789545209
4	0	0.6755942009
5	0	0.6723041642
6	0	0.6690844853
7	0	0.6659333014
8	0	0.6628491053
9	0	0.6598307038
10	0	0.6568781656
11	0	0.653986199
12	0	0.6511565388
13	0	0.6483883925
14	0	0.6456787536
15	0	0.6430261419
16	0	0.6404309969
17	0	0.6378912234
18	0	0.6354062689
19	0	0.6329712452
20	0	0.6305889095
